Date,Symbol,Series,Prev Close,Open,High,Low,Last,Close,VWAP,Volume,Turnover,Trades,Deliverable Volume,%Deliverble
2019-08-19,ZOTA,EQ,198.5,204.0,236.9,200.0,204.0,204.5,204.28,39275,802322075000.0,198,24315,0.6191
2019-08-20,ZOTA,EQ,204.5,201.05,206.0,197.0,199.0,198.75,202.81,22100,448202395000.0,170,8385,0.37939999999999996
2019-08-21,ZOTA,EQ,198.75,203.9,203.9,197.0,197.0,197.35,199.22,13300,264959190000.0,122,1387,0.1043
2019-08-22,ZOTA,EQ,197.35,200.0,200.0,190.0,190.0,191.2,195.43,17356,339182855000.0,179,4392,0.2531
2019-08-23,ZOTA,EQ,191.2,194.2,194.45,188.0,188.05,188.85,189.27,146362,2770219380000.0,281,109570,0.7486
2019-08-26,ZOTA,EQ,188.85,189.05,192.85,187.0,187.0,187.15,187.88,86380,1622892305000.0,191,50933,0.5896
2019-08-27,ZOTA,EQ,187.15,187.0,190.65,187.0,189.9,188.35,188.11,85810,1614202920000.0,85,73027,0.851
2019-08-28,ZOTA,EQ,188.35,187.55,191.9,182.05,182.05,184.55,187.02,75233,1407044625000.0,141,54628,0.7261
2019-08-29,ZOTA,EQ,184.55,183.05,188.45,178.0,180.15,180.75,182.49,78425,1431161470000.0,216,53225,0.6787000000000001
2019-08-30,ZOTA,EQ,180.75,178.0,183.95,175.0,175.0,177.1,180.95,74241,1343427000000.0,236,51525,0.6940000000000001
2019-09-03,ZOTA,EQ,177.1,175.05,180.7,175.05,179.0,178.9,177.11,24134,427435484999.99994,253,1840,0.0762
2019-09-04,ZOTA,EQ,178.9,184.0,184.0,179.5,181.75,182.4,181.32,72742,1318989865000.0,157,52055,0.7156
2019-09-05,ZOTA,EQ,182.4,182.5,184.0,181.1,184.0,182.05,182.07,72344,1317149595000.0,154,51407,0.7106
2019-09-06,ZOTA,EQ,182.05,185.0,188.95,181.7,188.9,187.25,183.68,73814,1355827935000.0,206,52322,0.7088
2019-09-09,ZOTA,EQ,187.25,189.95,191.0,185.05,190.95,190.95,187.86,67234,1263051675000.0,185,46816,0.6962999999999999
2019-09-11,ZOTA,EQ,190.95,192.0,195.65,191.2,194.0,194.1,192.49,25220,485465230000.0,114,4335,0.17190000000000003
2019-09-12,ZOTA,EQ,194.1,193.05,198.0,193.05,196.6,196.3,195.93,22112,433233034999.99994,83,1463,0.06620000000000001
2019-09-13,ZOTA,EQ,196.3,198.0,200.0,196.0,196.5,197.2,196.79,22300,438839895000.0,94,1704,0.0764
2019-09-16,ZOTA,EQ,197.2,198.0,199.4,195.0,195.0,197.05,196.99,22918,451460290000.00006,279,532,0.0232
2019-09-17,ZOTA,EQ,197.05,199.35,199.35,194.0,195.5,195.5,196.81,21597,425054455000.0,76,800,0.037000000000000005
2019-09-18,ZOTA,EQ,195.5,194.5,197.9,194.0,194.0,194.55,195.79,21953,429820009999.99994,85,1109,0.050499999999999996
2019-09-19,ZOTA,EQ,194.55,194.0,197.0,190.35,193.4,192.1,194.41,22357,434636625000.0,74,1571,0.0703
2019-09-20,ZOTA,EQ,192.1,196.0,196.0,192.2,194.0,194.0,193.25,25465,492119559999.99994,58,5409,0.21239999999999998
2019-09-23,ZOTA,EQ,194.0,199.0,199.0,193.0,195.0,194.25,195.48,22968,448976305000.0,232,1111,0.0484
2019-09-24,ZOTA,EQ,194.25,194.0,194.0,190.3,192.45,190.55,191.88,32255,618919140000.0,126,9733,0.3018
2019-09-25,ZOTA,EQ,190.55,193.95,193.95,188.0,190.0,189.05,190.09,40372,767448265000.0,301,18892,0.4679
2019-09-26,ZOTA,EQ,189.05,188.05,195.0,186.55,190.0,189.75,189.09,64774,1224798280000.0,360,42376,0.6542
2019-09-27,ZOTA,EQ,189.75,192.0,193.95,189.0,189.0,189.5,191.35,49930,955425640000.0,352,27652,0.5538000000000001
2019-09-30,ZOTA,EQ,189.5,190.5,192.0,183.0,188.5,187.9,188.75,34748,655870430000.0,364,12195,0.35100000000000003
2019-10-01,ZOTA,EQ,187.9,188.0,189.5,184.0,185.5,185.5,185.58,21675,402244920000.0,126,909,0.04190000000000001
2019-10-03,ZOTA,EQ,185.5,188.45,189.0,184.55,188.0,187.4,187.64,20591,386369710000.0,128,297,0.0144
2019-10-04,ZOTA,EQ,187.4,192.4,192.4,185.0,189.4,189.1,187.09,22185,415050180000.0,237,1177,0.053099999999999994
2019-10-07,ZOTA,EQ,189.1,189.0,189.0,185.0,188.9,187.05,186.4,21715,404759125000.0,244,584,0.0269
2019-10-09,ZOTA,EQ,187.05,190.0,190.0,186.0,186.25,187.15,187.26,20367,381402015000.0,51,247,0.0121
2019-10-10,ZOTA,EQ,187.15,187.25,187.5,184.95,185.3,185.35,186.53,21765,405982040000.0,128,1470,0.0675
2019-10-11,ZOTA,EQ,185.35,187.0,188.8,184.0,186.15,185.8,185.51,22523,417822925000.0,200,1926,0.0855
2019-10-14,ZOTA,EQ,185.8,185.1,187.95,185.1,186.0,186.35,187.02,21191,396321825000.0,101,908,0.042800000000000005
2019-10-15,ZOTA,EQ,186.35,199.0,199.0,186.95,189.9,191.35,189.54,21635,410078060000.0,158,635,0.0294
2019-10-16,ZOTA,EQ,191.35,194.5,194.5,188.0,191.0,191.6,191.14,24115,460924415000.00006,242,2493,0.1034
2019-10-17,ZOTA,EQ,191.6,193.0,194.8,188.0,189.5,190.7,191.87,22546,432587340000.00006,310,1188,0.0527
2019-10-18,ZOTA,EQ,190.7,193.8,193.8,187.05,192.0,192.05,191.58,22372,428603820000.0,217,701,0.0313
2019-10-22,ZOTA,EQ,192.05,192.7,192.7,186.25,188.5,188.7,190.9,21853,417170370000.0,314,649,0.029700000000000004
2019-10-23,ZOTA,EQ,188.7,190.0,191.9,187.0,191.9,190.5,189.2,23932,452795455000.0,303,1367,0.0571
2019-10-24,ZOTA,EQ,190.5,192.0,192.0,187.25,188.0,187.55,189.17,22169,419373985000.0,59,1859,0.0839
2019-10-25,ZOTA,EQ,187.55,189.0,191.0,184.0,184.1,185.05,187.52,22543,422725795000.0,79,1362,0.0604
2019-10-27,ZOTA,EQ,185.05,189.0,189.0,187.55,188.5,188.1,188.06,4507,84757520000.0,28,477,0.1058
2019-10-29,ZOTA,EQ,188.1,187.9,190.0,186.3,190.0,188.85,187.63,20641,387297340000.0,68,473,0.0229
2019-10-30,ZOTA,EQ,188.85,189.1,189.9,185.05,186.0,185.1,187.32,22405,419688809999.99994,150,1873,0.0836
2019-10-31,ZOTA,EQ,185.1,188.2,188.25,184.0,184.0,185.75,186.64,20687,386092815000.0,116,168,0.008100000000000001
2019-11-01,ZOTA,EQ,185.75,186.0,188.65,184.1,188.0,187.5,186.37,21598,402514115000.0,138,964,0.0446
2019-11-04,ZOTA,EQ,187.5,187.0,189.75,185.9,188.0,187.3,186.92,21840,408224825000.0,166,141,0.006500000000000001
2019-11-05,ZOTA,EQ,187.3,187.0,189.5,185.05,187.25,188.95,187.55,21418,401701185000.0,198,437,0.0204
2019-11-06,ZOTA,EQ,188.95,188.45,188.5,184.3,185.0,184.95,186.48,23336,435177350000.0,118,3009,0.12890000000000001
2019-11-07,ZOTA,EQ,184.95,184.95,185.65,183.0,184.5,184.5,184.04,21682,399027245000.0,70,1551,0.07150000000000001
2019-11-08,ZOTA,EQ,184.5,183.0,187.0,183.0,187.0,183.35,184.29,22252,410084535000.0,113,1717,0.0772
2019-11-11,ZOTA,EQ,183.35,183.35,193.0,183.35,193.0,190.7,186.42,32624,608174545000.0,227,11815,0.3622
2019-11-13,ZOTA,EQ,190.7,192.85,192.85,190.25,190.25,190.7,190.89,21652,413315235000.0,67,1015,0.046900000000000004
2019-11-14,ZOTA,EQ,190.7,190.95,194.8,187.0,187.0,188.9,190.74,21919,418090810000.0,98,1573,0.0718
2019-11-15,ZOTA,EQ,188.9,192.05,192.05,185.05,186.5,186.8,187.25,21908,410218560000.0,168,955,0.04360000000000001
2019-11-18,ZOTA,EQ,186.8,191.8,191.8,184.8,185.0,185.75,186.62,20176,376526135000.0,103,950,0.0471
2019-11-19,ZOTA,EQ,185.75,188.85,188.85,183.0,183.0,184.3,185.64,27984,519486100000.0,77,4827,0.17250000000000001
2019-11-20,ZOTA,EQ,184.3,185.05,186.7,184.05,185.1,185.0,184.63,23129,427036540000.00006,94,240,0.010400000000000001
2019-11-21,ZOTA,EQ,185.0,185.75,188.95,184.0,184.0,185.8,186.76,29664,554006735000.0,290,8234,0.2776
2019-11-22,ZOTA,EQ,185.8,186.0,189.25,184.95,184.95,185.05,187.23,25275,473234050000.0,94,4178,0.1653
2019-11-25,ZOTA,EQ,185.05,185.95,187.25,184.15,184.7,184.7,184.88,20681,382358815000.0,65,528,0.0255
2019-11-26,ZOTA,EQ,184.7,184.95,187.45,184.95,187.05,185.95,186.21,20702,385500410000.0,46,474,0.0229
2019-11-27,ZOTA,EQ,185.95,186.25,190.0,184.5,185.25,185.45,186.66,23563,439815200000.0,121,1398,0.0593
2019-11-28,ZOTA,EQ,185.45,189.5,192.0,184.8,185.0,185.2,186.28,28416,529340250000.0,128,6079,0.2139
2019-11-29,ZOTA,EQ,185.2,186.0,188.0,184.3,184.5,184.65,187.06,20599,385318030000.0,56,370,0.018000000000000002
2019-12-02,ZOTA,EQ,184.65,187.25,188.45,184.55,185.0,184.9,186.34,20455,381152430000.0,37,448,0.0219
2019-12-03,ZOTA,EQ,184.9,184.75,187.9,183.0,183.5,183.25,183.98,22207,408554845000.0,80,1847,0.08320000000000001
2019-12-04,ZOTA,EQ,183.25,187.0,187.0,182.5,182.5,183.85,184.84,21740,401852000000.0,174,801,0.0368
2019-12-05,ZOTA,EQ,183.85,184.25,185.45,183.85,185.0,184.25,184.35,20366,375446790000.0,34,214,0.0105
2019-12-06,ZOTA,EQ,184.25,184.5,185.0,182.5,182.5,182.6,184.09,20599,379203210000.0,43,523,0.025400000000000002
2019-12-09,ZOTA,EQ,182.6,183.5,184.45,181.0,181.0,181.45,182.88,22772,416460160000.0,92,2249,0.09880000000000001
2019-12-10,ZOTA,EQ,181.45,185.05,187.8,180.5,187.8,186.3,183.42,31519,578109115000.0,115,5523,0.1752
2019-12-11,ZOTA,EQ,186.3,187.0,191.75,187.0,191.75,190.45,188.04,23818,447884534999.99994,116,2071,0.087
2019-12-12,ZOTA,EQ,190.45,190.05,192.0,189.0,190.5,191.0,190.15,27913,530760545000.0,119,5807,0.20800000000000002
2019-12-13,ZOTA,EQ,191.0,191.1,193.9,190.0,190.1,190.55,191.19,21302,407281865000.0,46,968,0.0454
2019-12-16,ZOTA,EQ,190.55,197.9,197.9,189.35,189.7,189.85,190.43,21876,416581020000.0,76,1652,0.0755
2019-12-17,ZOTA,EQ,189.85,190.25,191.0,187.25,191.0,189.15,188.45,21290,401205270000.0,206,297,0.013999999999999999
2019-12-18,ZOTA,EQ,189.15,189.25,190.95,188.65,188.65,189.15,190.16,20808,395694010000.0,101,463,0.0223
2019-12-19,ZOTA,EQ,189.15,188.75,189.5,187.0,188.35,188.55,188.63,21683,409014320000.0,255,385,0.0178
2019-12-20,ZOTA,EQ,188.55,189.25,189.5,187.4,189.5,188.6,187.93,21584,405624440000.0,222,627,0.028999999999999998
2019-12-23,ZOTA,EQ,188.6,193.0,195.0,188.5,188.5,189.2,189.68,22917,434692945000.0,151,2139,0.09330000000000001
2019-12-24,ZOTA,EQ,189.2,188.0,191.7,188.0,191.0,190.4,189.99,18592,353230500000.0,202,1707,0.09179999999999999
2019-12-26,ZOTA,EQ,190.4,191.85,192.0,189.0,189.0,189.25,190.89,22634,432049309999.99994,195,894,0.0395
2019-12-27,ZOTA,EQ,189.25,190.25,191.0,189.0,189.0,189.85,189.65,21445,406705395000.0,104,880,0.040999999999999995
2019-12-30,ZOTA,EQ,189.85,190.25,190.3,185.0,187.0,186.85,186.92,24584,459535515000.00006,475,1991,0.081
2019-12-31,ZOTA,EQ,186.85,187.0,187.05,185.05,187.0,186.45,186.5,25681,478963215000.00006,202,275,0.010700000000000001
2020-01-01,ZOTA,EQ,186.45,188.9,189.75,186.75,188.5,188.5,188.14,25664,482836925000.0,165,1927,0.0751
2020-01-02,ZOTA,EQ,188.5,188.5,190.75,186.0,190.75,189.9,188.99,21489,406114355000.0,173,5252,0.2444
2020-01-03,ZOTA,EQ,189.9,190.8,191.9,188.0,188.0,190.4,189.66,30100,570887995000.0,162,6026,0.2002
2020-01-06,ZOTA,EQ,190.4,191.2,191.2,185.0,185.0,185.85,186.19,16710,311117255000.0,114,1052,0.063
2020-01-07,ZOTA,EQ,185.85,186.25,187.95,185.5,185.5,186.4,186.47,23077,430312900000.0,144,2403,0.1041
2020-01-08,ZOTA,EQ,186.4,186.5,188.0,185.5,185.5,185.5,186.22,23669,440775690000.00006,106,949,0.0401
2020-01-09,ZOTA,EQ,185.5,187.75,187.75,184.3,184.5,185.35,186.38,27632,515002359999.99994,179,4337,0.157
2020-01-10,ZOTA,EQ,185.35,187.45,187.45,184.0,185.0,185.1,185.9,25438,472882125000.0,137,2575,0.1012
2020-01-13,ZOTA,EQ,185.1,187.0,187.0,180.05,182.2,182.2,183.22,23109,423394300000.0,145,1667,0.0721
2020-01-14,ZOTA,EQ,182.2,184.95,185.95,181.1,181.1,183.1,183.47,21327,391285215000.0,94,1137,0.0533
2020-01-15,ZOTA,EQ,183.1,183.5,184.25,179.5,181.5,180.45,182.77,27694,506170205000.0,307,2916,0.10529999999999999
2020-01-16,ZOTA,EQ,180.45,180.55,183.7,180.5,181.8,183.1,182.47,18217,332401610000.0,70,1641,0.0901
2020-01-17,ZOTA,EQ,183.1,185.9,185.9,182.05,182.05,182.65,182.82,21857,399584925000.0,94,867,0.039700000000000006
2020-01-20,ZOTA,EQ,182.65,183.75,185.0,182.5,184.0,182.7,183.37,21533,394853570000.0,164,901,0.0418
2020-01-21,ZOTA,EQ,182.7,182.75,183.9,181.6,183.9,183.65,182.83,22852,417809625000.0,91,1810,0.0792
2020-01-22,ZOTA,EQ,183.65,186.0,186.0,182.5,184.9,183.5,183.49,24713,453449090000.00006,122,1505,0.0609
2020-01-23,ZOTA,EQ,183.5,183.75,184.85,181.0,182.5,181.4,182.32,22764,415030610000.0,94,1830,0.0804
2020-01-24,ZOTA,EQ,181.4,183.0,183.95,181.0,181.05,181.75,181.95,20748,377505355000.0,59,382,0.0184
2020-01-27,ZOTA,EQ,181.75,182.25,184.0,180.1,180.1,180.6,182.44,22424,409114430000.0,91,1750,0.078
2020-01-28,ZOTA,EQ,180.6,180.75,182.95,180.35,182.5,182.4,181.33,20730,375907085000.0,63,505,0.0244
2020-01-29,ZOTA,EQ,182.4,182.5,182.5,180.0,181.45,181.35,181.58,21756,395040835000.0,88,845,0.0388
2020-01-30,ZOTA,EQ,181.35,181.35,181.9,180.0,180.1,180.55,181.13,18976,343704400000.0,81,1169,0.0616
2020-01-31,ZOTA,EQ,180.55,180.5,182.0,179.05,181.0,181.7,180.93,27299,493917975000.0,119,4202,0.1539
2020-02-01,ZOTA,EQ,181.7,181.25,182.95,180.3,181.95,181.35,181.27,20572,372910925000.0,68,200,0.0097
2020-02-03,ZOTA,EQ,181.35,181.5,181.5,178.0,181.0,179.5,179.76,23866,429005605000.0,117,2460,0.10310000000000001
2020-02-04,ZOTA,EQ,179.5,179.8,182.95,178.0,179.0,179.05,180.4,22233,401079725000.0,98,1795,0.08070000000000001
2020-02-05,ZOTA,EQ,179.05,179.75,183.0,178.9,178.9,178.95,180.16,21596,389069690000.0,57,1481,0.06860000000000001
2020-02-06,ZOTA,EQ,178.95,180.25,181.1,176.0,180.5,178.95,178.66,27150,485065165000.00006,124,4051,0.1492
2020-02-07,ZOTA,EQ,178.95,180.35,206.4,177.1,187.75,187.7,187.88,41832,785929075000.0,767,14456,0.3456
2020-02-10,ZOTA,EQ,187.7,196.55,196.6,187.0,193.0,191.35,189.8,24544,465841395000.0,212,2816,0.11470000000000001
2020-02-11,ZOTA,EQ,191.35,191.5,192.0,189.0,189.5,189.95,190.42,23323,444104915000.00006,100,3079,0.132
2020-02-12,ZOTA,EQ,189.95,190.75,194.0,179.0,181.0,181.0,182.64,38101,695892475000.0,420,8569,0.2249
2020-02-13,ZOTA,EQ,181.0,181.0,183.5,179.2,181.15,182.0,181.08,21680,392586340000.0,64,1188,0.05480000000000001
2020-02-14,ZOTA,EQ,182.0,182.1,183.0,176.45,179.6,181.05,180.97,22084,399655270000.0,248,2062,0.0934
2020-02-17,ZOTA,EQ,181.05,179.1,183.0,179.0,180.1,181.15,180.47,27004,487331884999.99994,115,4444,0.16460000000000002
2020-02-18,ZOTA,EQ,181.15,183.6,183.6,178.6,182.95,181.75,179.76,23118,415565460000.0,110,2837,0.1227
2020-02-19,ZOTA,EQ,181.75,180.0,182.0,178.3,179.0,179.4,180.43,21921,395526460000.0,187,787,0.0359
2020-02-20,ZOTA,EQ,179.4,180.0,182.0,178.25,180.05,180.95,180.35,17163,309532450000.0,67,1953,0.11380000000000001
2020-02-24,ZOTA,EQ,180.95,180.25,182.0,179.5,182.0,180.9,180.64,24158,436393834999.99994,91,3993,0.1653
2020-02-25,ZOTA,EQ,180.9,187.0,187.0,177.35,183.5,182.5,181.8,23794,432586115000.00006,76,3460,0.1454
2020-02-26,ZOTA,EQ,182.5,180.0,185.9,178.7,178.75,178.9,182.24,22952,418285840000.0,155,2514,0.1095
2020-02-27,ZOTA,EQ,178.9,185.0,185.0,179.0,180.5,180.35,180.27,20932,377342075000.0,104,3223,0.154
2020-02-28,ZOTA,EQ,180.35,180.0,180.0,172.0,177.0,176.4,176.25,25148,443224745000.0,144,4187,0.16649999999999998
2020-03-02,ZOTA,EQ,176.4,176.5,179.0,170.0,173.0,172.65,174.72,20628,360414650000.0,159,4087,0.1981
2020-03-03,ZOTA,EQ,172.65,179.0,179.0,171.0,173.9,172.5,171.94,25319,435347100000.0,97,4475,0.17670000000000002
2020-03-04,ZOTA,EQ,172.5,172.5,172.95,168.0,171.15,171.15,171.17,32637,558641975000.0,127,7329,0.22460000000000002
2020-03-05,ZOTA,EQ,171.15,171.95,172.2,169.0,170.35,170.25,170.85,24450,417716425000.0,182,2780,0.1137
2020-03-06,ZOTA,EQ,170.25,170.25,170.35,163.0,165.5,165.35,165.27,33503,553695235000.0,228,3879,0.1158
2020-03-09,ZOTA,EQ,165.35,166.55,168.05,165.0,165.0,165.05,165.86,33598,557266310000.0,173,12742,0.37920000000000004
2020-03-11,ZOTA,EQ,165.05,165.4,165.8,161.0,165.0,164.75,164.2,26689,438224134999.99994,173,5917,0.2217
2020-03-12,ZOTA,EQ,164.75,162.05,163.0,157.0,161.5,160.95,159.86,35566,568544480000.0,256,12280,0.3453
2020-03-13,ZOTA,EQ,160.95,160.05,160.05,131.3,157.0,157.35,157.72,23006,362842935000.0,166,8586,0.37320000000000003
2020-03-16,ZOTA,EQ,157.35,152.0,154.55,144.0,144.5,144.8,150.12,37353,560727165000.0,335,11838,0.3169
2020-03-17,ZOTA,EQ,144.8,145.5,154.9,143.5,146.0,144.75,147.28,27293,401960890000.0,176,5094,0.18660000000000002
2020-03-18,ZOTA,EQ,144.75,145.4,153.6,143.0,147.0,144.75,145.44,31132,452797500000.0,193,6531,0.20980000000000001
2020-03-19,ZOTA,EQ,144.75,147.0,147.0,142.0,144.0,145.05,145.02,42095,610440995000.0,251,13743,0.3265
2020-03-20,ZOTA,EQ,145.05,145.0,148.95,141.0,143.5,144.25,144.96,32384,469424675000.0,175,5249,0.16210000000000002
2020-03-23,ZOTA,EQ,144.25,121.1,148.0,121.1,133.0,129.6,135.47,4400,59604640000.0,115,2638,0.5995
2020-03-24,ZOTA,EQ,129.6,138.95,138.95,127.0,131.9,131.45,130.58,7211,94159575000.0,106,4454,0.6177
2020-03-25,ZOTA,EQ,131.45,130.15,131.05,127.9,129.0,129.45,129.19,4990,64467205000.00001,79,3870,0.7756000000000001
2020-03-26,ZOTA,EQ,129.45,130.0,132.9,129.95,130.5,131.35,131.77,12543,165283635000.0,111,7673,0.6117
2020-03-27,ZOTA,EQ,131.35,134.65,134.7,131.5,132.0,132.1,133.34,1962,26162040000.0,58,1197,0.6101
2020-03-30,ZOTA,EQ,132.1,132.1,132.9,130.0,132.9,131.95,131.31,2167,28454684999.999996,56,1722,0.7946
2020-03-31,ZOTA,EQ,131.95,133.5,133.7,129.45,130.05,130.25,131.16,1605,21051730000.0,55,1069,0.6659999999999999
2020-04-01,ZOTA,EQ,130.25,130.5,133.0,130.5,133.0,132.45,131.93,386,5092575000.0,13,351,0.9093000000000001
2020-04-03,ZOTA,EQ,132.45,131.95,133.9,128.05,131.5,132.0,131.52,5523,72637745000.0,103,3332,0.6033
2020-04-07,ZOTA,EQ,132.0,131.15,154.2,131.15,144.5,145.65,145.8,11340,165341840000.0,507,4234,0.37340000000000007
2020-04-08,ZOTA,EQ,145.65,153.0,159.2,142.45,146.95,145.3,151.39,15855,240024720000.00003,649,4246,0.26780000000000004
2020-04-09,ZOTA,EQ,145.3,145.3,154.0,145.3,148.85,148.75,149.84,5190,77766255000.0,225,2139,0.4121
2020-04-13,ZOTA,EQ,148.75,149.25,153.65,149.25,150.05,150.55,151.24,7541,114046385000.00002,214,5303,0.7031999999999999
2020-04-15,ZOTA,EQ,150.55,155.9,155.9,151.0,151.0,151.6,152.14,1412,21482480000.0,92,721,0.5106
2020-04-16,ZOTA,EQ,151.6,152.9,153.7,148.3,150.0,150.05,151.06,1481,22372225000.0,87,990,0.6685
2020-04-17,ZOTA,EQ,150.05,153.9,154.0,150.75,151.0,151.5,152.56,2867,43737955000.0,69,1901,0.6631
2020-04-20,ZOTA,EQ,151.5,153.9,153.9,147.0,152.25,149.65,151.09,4482,67716585000.0,94,3886,0.867
2020-04-21,ZOTA,EQ,149.65,148.05,151.0,146.05,150.3,149.15,148.47,1799,26709315000.000004,64,1393,0.7743000000000001
2020-04-22,ZOTA,EQ,149.15,150.2,150.25,142.0,149.0,145.3,146.48,1702,24930350000.0,66,1138,0.6686
2020-04-23,ZOTA,EQ,145.3,149.6,149.6,144.95,146.0,146.4,146.75,1344,19722730000.0,53,1033,0.7686000000000001
2020-04-24,ZOTA,EQ,146.4,148.25,149.0,145.65,147.4,146.0,146.53,921,13495160000.0,45,763,0.8284
2020-04-27,ZOTA,EQ,146.0,147.25,147.85,145.35,146.0,146.0,146.52,914,13392275000.0,27,761,0.8326000000000001
2020-04-28,ZOTA,EQ,146.0,144.0,149.7,137.4,137.8,139.55,139.98,36858,515943400000.0,636,26544,0.7202
2020-04-29,ZOTA,EQ,139.55,140.0,146.0,137.0,138.7,137.85,140.48,21020,295282270000.0,393,11351,0.54
2020-04-30,ZOTA,EQ,137.85,137.05,144.9,137.0,144.0,143.35,141.7,13378,189560440000.0,262,9096,0.6799
2020-05-04,ZOTA,EQ,143.35,144.0,144.0,136.2,138.5,138.5,139.2,7113,99010075000.0,111,5340,0.7506999999999999
2020-05-05,ZOTA,EQ,138.5,144.1,144.1,138.0,138.0,138.3,138.85,2392,33212550000.0,52,2179,0.9109999999999999
2020-05-06,ZOTA,EQ,138.3,139.35,139.95,136.3,138.0,138.7,137.71,4040,55635869999.99999,106,2966,0.7342000000000001
2020-05-07,ZOTA,EQ,138.7,138.85,138.9,132.2,136.8,135.2,136.3,5161,70344495000.0,129,4573,0.8861
2020-05-08,ZOTA,EQ,135.2,138.95,138.95,133.0,133.05,136.35,135.63,3563,48324565000.0,103,2619,0.7351000000000001
2020-05-11,ZOTA,EQ,136.35,138.95,139.0,134.0,137.35,134.15,136.43,5771,78732835000.0,127,3612,0.6259
2020-05-12,ZOTA,EQ,134.15,136.0,136.0,131.1,134.5,134.4,134.2,31197,418664490000.0,104,28514,0.914
2020-05-13,ZOTA,EQ,134.4,138.1,138.7,134.25,137.5,137.9,136.71,4692,64145610000.0,97,3905,0.8323
2020-05-14,ZOTA,EQ,137.9,138.15,139.8,135.05,136.2,136.3,137.43,1858,25534555000.0,109,1186,0.6383
2020-05-15,ZOTA,EQ,136.3,139.0,139.75,136.55,138.7,138.75,137.8,19293,265862250000.0,174,19073,0.9886
2020-05-18,ZOTA,EQ,138.75,139.35,139.95,135.0,137.5,137.45,138.22,5703,78829280000.0,104,4883,0.8562000000000001
2020-05-19,ZOTA,EQ,137.45,139.0,140.25,136.0,139.5,138.9,138.71,2523,34996495000.0,58,1993,0.7898999999999999
2020-05-20,ZOTA,EQ,138.9,148.0,148.0,136.95,138.0,138.1,138.94,908,12615775000.0,41,818,0.9009
2020-05-21,ZOTA,EQ,138.1,136.5,139.5,136.5,138.5,138.55,138.44,1387,19201505000.0,44,1091,0.7866
2020-05-22,ZOTA,EQ,138.55,150.0,156.0,145.0,145.0,146.4,149.68,44799,670563920000.0,957,24775,0.5529999999999999
2020-05-26,ZOTA,EQ,146.4,143.6,149.45,137.0,138.3,139.0,141.1,13550,191188785000.0,380,9304,0.6866
2020-05-27,ZOTA,EQ,139.0,138.15,143.95,137.5,139.5,139.85,140.63,7724,108622075000.0,180,5220,0.6758
2020-05-28,ZOTA,EQ,139.85,142.25,142.5,135.25,139.0,138.5,138.05,8701,120117435000.00002,161,4577,0.526
2020-05-29,ZOTA,EQ,138.5,136.5,140.75,136.45,138.0,138.25,139.29,3473,48374160000.0,81,2864,0.8246
2020-06-01,ZOTA,EQ,138.25,137.95,145.0,136.95,141.0,141.0,142.19,5689,80892485000.0,100,4499,0.7908
2020-06-02,ZOTA,EQ,141.0,148.9,148.9,140.0,144.0,144.0,144.28,6356,91706310000.0,161,5377,0.846
2020-06-03,ZOTA,EQ,144.0,146.55,147.0,141.25,142.0,142.2,143.08,4157,59478635000.0,131,3162,0.7606
2020-06-04,ZOTA,EQ,142.2,144.45,144.8,138.95,141.3,141.6,141.88,1489,21126325000.0,72,863,0.5796
2020-06-05,ZOTA,EQ,141.6,143.8,143.8,139.2,140.85,141.45,140.39,31555,443010275000.0,142,29413,0.9320999999999999
2020-06-08,ZOTA,EQ,141.45,143.0,144.95,138.25,140.75,140.85,141.12,3210,45300070000.0,85,2360,0.7352
2020-06-09,ZOTA,EQ,140.85,139.6,158.7,139.55,147.6,148.35,152.32,99013,1508130430000.0,1690,32828,0.33159999999999995
2020-06-10,ZOTA,EQ,148.35,154.7,154.7,145.1,146.55,147.45,150.03,12573,188637870000.0,370,7396,0.5882000000000001
2020-06-11,ZOTA,EQ,147.45,149.75,151.5,139.55,143.95,143.05,142.96,14627,209110125000.0,299,10334,0.7065
2020-06-12,ZOTA,EQ,143.05,137.5,148.95,137.5,145.0,143.85,144.6,15911,230065379999.99997,310,5848,0.3675
2020-06-15,ZOTA,EQ,143.85,144.45,144.9,141.0,141.35,141.4,142.64,2521,35960415000.0,85,1504,0.5966
2020-06-16,ZOTA,EQ,141.4,146.05,146.05,140.2,142.6,141.7,141.69,3625,51362505000.0,115,2412,0.6654000000000001
2020-06-17,ZOTA,EQ,141.7,142.75,143.5,140.25,142.4,142.4,141.35,2960,41839105000.0,87,2091,0.7064
2020-06-18,ZOTA,EQ,142.4,140.85,143.75,140.0,141.0,141.35,140.92,5963,84033090000.0,130,4695,0.7874
2020-06-19,ZOTA,EQ,141.35,140.35,143.9,139.5,141.0,141.7,141.41,6547,92580290000.0,127,4180,0.6385000000000001
2020-06-22,ZOTA,EQ,141.7,144.35,154.45,141.35,151.65,150.05,150.69,43598,656981335000.0,885,25059,0.5748
2020-06-23,ZOTA,EQ,150.05,153.0,154.8,149.0,149.05,149.7,151.06,13944,210633754999.99997,347,3420,0.5970000000000001
2020-06-24,ZOTA,EQ,149.7,149.55,150.45,147.2,148.2,148.25,149.08,6361,94826965000.0,135,4524,0.7112
2020-06-25,ZOTA,EQ,148.25,147.0,149.65,141.05,144.95,145.0,145.09,5993,86952635000.0,116,3594,0.5997
2020-06-26,ZOTA,EQ,145.0,145.0,148.9,143.05,145.65,146.05,145.59,73293,1067084390000.0,190,54076,0.7378
2020-06-29,ZOTA,EQ,146.05,146.0,146.0,142.3,144.8,144.85,144.5,6179,89286535000.0,105,5033,0.8145
2020-06-30,ZOTA,EQ,144.85,145.75,147.75,142.4,143.85,143.8,144.57,2478,35824270000.0,60,2395,0.9665
2020-07-01,ZOTA,EQ,143.8,146.35,146.45,141.0,142.05,142.4,143.25,11734,168093665000.0,175,8285,0.7061000000000001
2020-07-02,ZOTA,EQ,142.4,141.05,145.3,141.05,144.2,144.2,142.55,3056,43561820000.0,68,2590,0.8475
2020-07-03,ZOTA,EQ,144.2,145.5,145.9,141.65,143.0,142.95,143.11,3225,46152130000.0,72,3057,0.9479000000000001
2020-07-06,ZOTA,EQ,142.95,144.25,144.25,141.4,143.5,143.15,142.87,10292,147044870000.0,110,8166,0.7934000000000001
2020-07-07,ZOTA,EQ,143.15,145.35,145.45,141.7,142.65,142.25,142.6,5427,77386325000.0,113,3299,0.6079
2020-07-08,ZOTA,EQ,142.25,141.15,145.0,140.0,142.0,142.1,141.45,8775,124122960000.00002,141,7083,0.8072
2020-07-09,ZOTA,EQ,142.1,141.45,144.9,140.3,142.65,143.65,142.72,6401,91357490000.0,151,4988,0.7793000000000001
2020-07-10,ZOTA,EQ,143.65,144.3,144.9,142.2,142.65,143.4,143.65,3700,53149005000.00001,76,2714,0.7334999999999999
2020-07-13,ZOTA,EQ,143.4,143.0,148.4,141.05,142.0,142.4,144.48,14379,207752335000.0,343,5354,0.37229999999999996
2020-07-14,ZOTA,EQ,142.4,144.0,144.25,141.2,142.8,141.9,142.02,1044,14826579999.999998,43,955,0.9148000000000001
2020-07-15,ZOTA,EQ,141.9,143.75,143.9,141.25,141.25,141.25,141.76,2330,33030659999.999996,58,1670,0.7167
2020-07-16,ZOTA,EQ,141.25,141.2,144.45,141.0,141.0,141.25,141.31,3961,55973094999.99999,39,3598,0.9084000000000001
2020-07-17,ZOTA,EQ,141.25,142.15,142.5,141.0,142.0,141.35,141.39,2873,40620465000.0,61,2184,0.7602
2020-07-20,ZOTA,EQ,141.35,141.75,142.3,140.2,141.25,141.45,141.56,3639,51512770000.0,47,2903,0.7977
2020-07-21,ZOTA,EQ,141.45,141.2,143.35,140.1,140.6,141.2,141.1,10143,143117730000.0,128,9444,0.9311
2020-07-22,ZOTA,EQ,141.2,140.3,152.0,140.1,142.1,143.35,146.51,43964,644124170000.0,630,11818,0.2688
2020-07-23,ZOTA,EQ,143.35,141.5,148.6,141.5,142.5,143.2,144.08,3470,49996630000.0,106,2535,0.7305
2020-07-24,ZOTA,EQ,143.2,142.0,144.35,141.0,141.0,141.25,141.73,7727,109511730000.0,98,5965,0.772
2020-07-27,ZOTA,EQ,141.25,140.95,143.05,140.5,140.65,140.6,141.1,3748,52883580000.00001,92,3004,0.8015000000000001
2020-07-28,ZOTA,EQ,140.6,140.7,142.35,138.05,141.6,140.05,140.57,6797,95543390000.0,91,6031,0.8873000000000001
2020-07-29,ZOTA,EQ,140.05,141.35,141.55,139.75,141.0,141.0,140.28,2542,35658945000.0,42,2300,0.9048
2020-07-30,ZOTA,EQ,141.0,144.0,144.0,140.0,140.0,140.15,141.1,4359,61506490000.0,78,3186,0.7309
2020-07-31,ZOTA,EQ,140.15,140.65,147.0,139.95,141.5,141.6,143.87,16701,240282020000.00003,462,7095,0.42479999999999996
2020-08-03,ZOTA,EQ,141.6,141.65,147.75,141.1,142.55,143.5,145.53,30772,447822315000.00006,595,17004,0.5526
2020-08-04,ZOTA,EQ,143.5,147.95,148.0,143.0,143.2,143.45,144.5,5935,85758495000.0,165,4531,0.7634000000000001
2020-08-05,ZOTA,EQ,143.45,145.2,145.2,142.0,143.35,142.75,142.65,5021,71626015000.0,94,4267,0.8498000000000001
2020-08-06,ZOTA,EQ,142.75,143.35,144.75,141.15,141.5,141.8,142.3,3915,55711344999.99999,101,2319,0.5922999999999999
2020-08-07,ZOTA,EQ,141.8,141.45,143.65,141.05,142.0,141.55,141.77,9010,127733550000.0,132,7142,0.7927
2020-08-10,ZOTA,EQ,141.55,142.95,145.0,141.05,142.85,142.9,143.05,3684,52699940000.0,116,2596,0.7047
2020-08-11,ZOTA,EQ,142.9,145.9,145.9,141.0,141.5,141.85,142.28,4821,68593405000.00001,107,3645,0.7561
2020-08-12,ZOTA,EQ,141.85,143.35,143.85,141.1,141.6,141.55,141.72,5418,76782435000.0,126,4124,0.7612000000000001
2020-08-13,ZOTA,EQ,141.55,143.35,143.35,141.0,142.65,141.6,141.68,8533,120896470000.0,96,7124,0.8349
2020-08-14,ZOTA,EQ,141.6,141.5,142.95,140.2,141.85,140.6,141.03,8136,114738595000.0,164,5552,0.6824
2020-08-17,ZOTA,EQ,140.6,142.0,143.25,141.1,142.0,141.8,142.26,4340,61741600000.0,98,3817,0.8795000000000001
2020-08-18,ZOTA,EQ,141.8,143.0,144.8,140.6,142.5,142.75,142.71,4914,70128120000.0,106,4234,0.8616
2020-08-19,ZOTA,EQ,142.75,142.85,144.5,141.15,141.15,141.6,142.29,4034,57399185000.0,90,3655,0.9059999999999999
2020-08-20,ZOTA,EQ,141.6,143.45,143.9,140.0,141.0,140.65,140.72,15729,221341140000.0,183,14762,0.9385
2020-08-21,ZOTA,EQ,140.65,142.9,142.9,140.05,141.0,140.8,140.96,5730,80769490000.0,123,4967,0.8668000000000001
2020-08-24,ZOTA,EQ,140.8,142.45,148.7,141.35,146.4,145.45,144.89,30891,447591440000.00006,529,21256,0.6881
2020-08-25,ZOTA,EQ,145.45,148.45,159.0,145.45,157.3,156.9,154.03,126870,1954219325000.0,2150,69289,0.5461
2020-08-26,ZOTA,EQ,156.9,157.1,164.9,157.1,163.0,161.8,161.93,96620,1564555700000.0,1487,55730,0.5768
2020-08-27,ZOTA,EQ,161.8,168.0,168.0,159.0,160.25,161.05,162.95,40808,664951920000.0,871,31144,0.7632
2020-08-28,ZOTA,EQ,161.05,160.6,163.6,156.0,156.7,156.5,158.11,19464,307746285000.0,529,14499,0.7449
2020-08-31,ZOTA,EQ,156.5,155.0,158.5,146.25,147.5,148.3,150.53,27140,408526490000.0,695,19592,0.7219
2020-09-01,ZOTA,EQ,148.3,155.75,155.75,147.3,148.0,148.8,149.22,6459,96383480000.0,220,4857,0.752
2020-09-02,ZOTA,EQ,148.8,152.25,152.3,144.0,146.05,147.3,147.75,17018,251434965000.0,367,12445,0.7313
2020-09-03,ZOTA,EQ,147.3,151.8,153.85,147.95,149.5,150.35,150.14,10818,162424410000.0,288,8275,0.7648999999999999
2020-09-04,ZOTA,EQ,150.35,147.0,154.5,145.15,149.95,149.9,151.17,7380,111562260000.00002,183,4810,0.6518
2020-09-07,ZOTA,EQ,149.9,153.2,153.2,146.2,149.95,150.05,150.06,8938,134124670000.0,199,6928,0.7751000000000001
2020-09-08,ZOTA,EQ,150.05,150.1,151.5,148.5,150.1,150.15,150.44,4358,65562044999.99999,160,3238,0.743
2020-09-09,ZOTA,EQ,150.15,149.0,150.55,144.05,150.0,148.1,147.44,24717,364433195000.0,183,22757,0.9207
2020-09-10,ZOTA,EQ,148.1,148.15,150.75,147.15,149.5,149.35,148.47,9561,141956180000.0,168,7348,0.7685
2020-09-11,ZOTA,EQ,149.35,150.0,150.0,147.5,149.5,148.05,149.22,23924,356994335000.0,152,22629,0.9459000000000001
2020-09-14,ZOTA,EQ,148.05,153.1,153.25,149.05,150.75,149.95,150.14,4855,72890705000.0,140,3576,0.7366
2020-09-15,ZOTA,EQ,149.95,152.5,152.5,146.55,152.0,151.65,151.33,8177,123742080000.0,135,7093,0.8674
2020-09-16,ZOTA,EQ,151.65,154.05,154.05,149.05,150.5,150.25,152.05,8494,129153439999.99998,229,6407,0.7543000000000001
2020-09-17,ZOTA,EQ,150.25,148.75,153.9,148.55,152.0,151.6,150.8,3955,59640619999.99999,115,2669,0.6748000000000001
2020-09-18,ZOTA,EQ,151.6,153.3,153.45,149.0,149.25,149.25,150.53,3194,48077830000.0,127,2308,0.7226
2020-09-21,ZOTA,EQ,149.25,152.15,152.15,147.15,147.15,148.0,148.68,5393,80184840000.0,188,4184,0.7758
2020-09-22,ZOTA,EQ,148.0,148.0,151.55,145.3,147.5,147.8,147.29,7286,107313500000.0,182,4953,0.6798000000000001
2020-09-23,ZOTA,EQ,147.8,151.3,151.3,145.3,146.1,146.85,147.71,3731,55110585000.0,183,2697,0.7229000000000001
2020-09-24,ZOTA,EQ,146.85,145.0,148.9,142.4,145.8,145.05,145.31,3084,44814005000.0,151,2659,0.8622
2020-09-25,ZOTA,EQ,145.05,147.55,148.65,143.6,146.0,145.9,145.6,4321,62911955000.00001,176,2630,0.6087
2020-09-28,ZOTA,EQ,145.9,151.9,151.9,145.3,147.0,145.95,147.01,2855,41971680000.0,142,1906,0.6676000000000001
2020-09-29,ZOTA,EQ,145.95,150.75,150.75,145.1,146.0,146.3,146.26,3775,55211519999.99999,79,3351,0.8876999999999999
2020-09-30,ZOTA,EQ,146.3,148.05,149.05,145.3,146.8,146.95,147.44,546,8049995000.0,66,344,0.63
2020-10-01,ZOTA,EQ,146.95,149.15,149.2,144.95,146.8,145.3,145.84,3121,45515550000.0,92,2573,0.8244
2020-10-05,ZOTA,EQ,145.3,148.0,148.9,143.5,144.0,143.95,144.75,6977,100993745000.0,195,6008,0.8611
2020-10-06,ZOTA,EQ,143.95,147.5,147.5,143.85,146.05,145.85,145.13,10220,148325570000.0,122,9121,0.8925000000000001
2020-10-07,ZOTA,EQ,145.85,146.85,147.85,145.3,146.8,146.15,146.21,1038,15176170000.000002,60,759,0.7312000000000001
2020-10-08,ZOTA,EQ,146.15,146.95,147.0,145.1,146.0,145.75,145.57,2837,41297915000.0,71,2189,0.7716
2020-10-09,ZOTA,EQ,145.75,145.95,147.9,145.3,146.3,146.1,145.78,1125,16400235000.0,71,900,0.8
2020-10-12,ZOTA,EQ,146.1,147.7,147.7,145.1,146.1,145.65,145.45,1516,22050860000.0,52,1343,0.8859
2020-10-13,ZOTA,EQ,145.65,144.15,146.35,144.15,146.3,145.6,145.88,3414,49802420000.0,75,3143,0.9206000000000001
2020-10-14,ZOTA,EQ,145.6,146.45,147.4,144.3,145.6,145.65,145.77,2548,37142765000.0,64,1707,0.6698999999999999
2020-10-15,ZOTA,EQ,145.65,145.65,146.65,144.3,146.0,145.05,145.17,4182,60708375000.0,118,3564,0.8522
2020-10-16,ZOTA,EQ,145.05,146.0,146.0,142.1,144.0,144.1,143.85,3615,52000355000.0,144,3205,0.8865999999999999
2020-10-19,ZOTA,EQ,144.1,144.15,144.5,141.3,141.65,141.75,142.64,14275,203621865000.0,164,4397,0.308
2020-10-20,ZOTA,EQ,141.75,143.75,144.5,141.3,142.0,141.95,142.31,12965,184507850000.0,103,2015,0.15539999999999998
2020-10-21,ZOTA,EQ,141.95,146.05,146.05,141.45,141.5,141.55,142.12,13205,187675065000.0,184,2260,0.1711
2020-10-22,ZOTA,EQ,141.55,142.45,144.0,141.0,141.0,141.35,141.99,13234,187915965000.0,124,2334,0.1764
2020-10-23,ZOTA,EQ,141.35,145.0,145.0,138.7,140.1,140.1,140.76,14172,199480815000.0,236,7383,0.521
2020-10-26,ZOTA,EQ,140.1,143.15,143.9,140.0,140.05,140.55,141.09,13369,188619245000.0,91,3060,0.22890000000000002
2020-10-27,ZOTA,EQ,140.55,140.55,144.0,138.5,139.5,139.95,140.86,23466,330550940000.0,205,5692,0.2426
2020-10-28,ZOTA,EQ,139.95,142.0,142.0,137.0,137.05,137.2,138.05,23955,330696160000.0,229,10643,0.44430000000000003
2020-10-29,ZOTA,EQ,137.2,137.15,138.0,136.0,137.05,137.5,137.56,18696,257176279999.99997,124,5424,0.2901
2020-10-30,ZOTA,EQ,137.5,139.0,141.85,137.5,140.0,138.7,138.18,13741,189869545000.0,135,1748,0.1272
2020-11-02,ZOTA,EQ,138.7,138.0,138.95,137.0,137.0,137.25,137.43,14139,194306830000.0,119,3127,0.2212
2020-11-03,ZOTA,EQ,137.25,138.3,138.7,136.95,138.5,137.8,137.98,12202,168361650000.0,112,1462,0.1198
2020-11-04,ZOTA,EQ,137.8,138.0,139.5,138.0,139.0,138.7,138.52,12354,171121795000.0,99,1530,0.12380000000000001
2020-11-05,ZOTA,EQ,138.7,136.5,139.6,136.0,138.9,137.15,137.75,12196,168000480000.0,153,2016,0.1653
2020-11-06,ZOTA,EQ,137.15,139.45,139.5,136.8,138.85,138.7,137.71,13051,179721750000.0,154,2023,0.155
2020-11-09,ZOTA,EQ,138.7,142.7,142.7,135.9,139.0,138.35,138.1,17042,235355929999.99997,123,5695,0.3342
2020-11-10,ZOTA,EQ,138.35,140.95,141.0,137.0,138.0,138.35,138.45,27036,374322490000.0,192,10777,0.3986
2020-11-11,ZOTA,EQ,138.35,138.35,139.15,136.25,138.7,138.5,137.91,18574,256159595000.00003,169,6808,0.3665
2020-11-12,ZOTA,EQ,138.5,139.7,139.75,137.55,138.5,138.7,138.67,9247,128223814999.99998,117,3056,0.33049999999999996
2020-11-13,ZOTA,EQ,138.7,138.75,139.8,137.25,137.25,137.85,138.2,16400,226642229999.99997,132,3722,0.227
2020-11-14,ZOTA,EQ,137.85,143.45,143.45,138.25,140.0,140.2,140.19,8400,117756125000.0,52,678,0.08070000000000001
2020-11-17,ZOTA,EQ,140.2,145.2,145.2,138.0,139.5,138.85,139.18,16849,234498160000.0,172,4707,0.27940000000000004
2020-11-18,ZOTA,EQ,138.85,137.05,139.9,137.05,138.2,138.15,138.16,15985,220850600000.0,154,4151,0.2597
2020-11-19,ZOTA,EQ,138.15,139.95,139.95,137.7,138.3,138.9,138.86,6854,95173820000.0,96,3102,0.4526
2020-11-20,ZOTA,EQ,138.9,141.0,141.0,138.5,138.75,139.35,138.91,12117,168316265000.0,141,1617,0.1334
2020-11-23,ZOTA,EQ,139.35,140.0,140.0,138.5,139.6,139.35,139.32,12987,180935210000.0,103,1859,0.1431
2020-11-24,ZOTA,EQ,139.35,143.95,143.95,138.55,139.15,139.15,139.59,16732,233567350000.0,126,5582,0.3336
2020-11-25,ZOTA,EQ,139.15,139.25,139.25,137.0,137.0,137.45,137.72,17647,243042515000.0,168,5926,0.3358
2020-11-26,ZOTA,EQ,137.45,141.95,141.95,137.65,140.0,140.0,139.7,17579,245579725000.0,167,7445,0.42350000000000004
2020-11-27,ZOTA,EQ,140.0,140.5,158.9,139.0,146.5,146.75,146.18,68070,995038894999.9999,779,32116,0.4718
2020-12-01,ZOTA,EQ,146.75,147.15,148.0,142.0,143.1,144.4,145.48,18633,271071890000.0,281,5256,0.2821
2020-12-02,ZOTA,EQ,144.4,144.15,146.75,142.25,142.25,143.25,144.2,12750,183850460000.0,130,1907,0.1496
2020-12-03,ZOTA,EQ,143.25,143.0,145.95,141.0,141.5,141.5,141.69,19199,272023970000.00003,194,7850,0.40890000000000004
2020-12-04,ZOTA,EQ,141.5,144.8,145.0,141.0,143.25,141.8,142.11,8849,125753225000.0,194,5077,0.5737
2020-12-07,ZOTA,EQ,141.8,144.0,144.0,139.8,140.5,140.2,140.82,30008,422582000000.0,403,17519,0.5838
2020-12-08,ZOTA,EQ,140.2,143.2,143.2,140.1,142.0,141.95,141.77,17171,243431604999.99997,203,5469,0.3185
2020-12-09,ZOTA,EQ,141.95,141.05,145.6,140.1,142.5,141.85,142.53,30305,431929175000.0,341,12740,0.4204
2020-12-10,ZOTA,EQ,141.85,144.0,147.5,140.0,144.15,143.4,144.35,50761,732718525000.0,604,15057,0.29660000000000003
2020-12-11,ZOTA,EQ,143.4,143.4,154.0,141.1,149.5,149.55,148.83,70788,1053559515000.0,861,38635,0.5458
2020-12-14,ZOTA,EQ,149.55,155.1,155.1,150.15,151.0,150.9,151.8,37121,563504665000.0,654,18546,0.49960000000000004
2020-12-15,ZOTA,EQ,150.9,151.05,153.15,147.0,150.75,150.3,149.88,25723,385524540000.0,271,6067,0.2359
2020-12-16,ZOTA,EQ,150.3,150.55,151.75,147.25,147.3,147.75,149.56,19340,289247515000.0,240,6938,0.35869999999999996
2020-12-17,ZOTA,EQ,147.75,151.85,151.85,146.1,146.6,146.8,148.18,18947,280753935000.0,235,6460,0.341
2020-12-18,ZOTA,EQ,146.8,145.4,148.0,136.65,144.5,144.05,144.53,22301,322325185000.0,277,9371,0.4202
2020-12-21,ZOTA,EQ,144.05,144.1,145.85,140.2,140.2,140.55,141.99,23083,327748060000.0,377,7235,0.3134
2020-12-22,ZOTA,EQ,140.55,140.55,141.95,138.05,141.3,141.3,140.18,20494,287284425000.0,295,8563,0.4178
2020-12-23,ZOTA,EQ,141.3,142.85,144.9,140.25,144.85,144.2,143.79,13544,194743115000.0,156,3020,0.223
2020-12-24,ZOTA,EQ,144.2,147.0,147.0,143.0,146.9,146.65,145.33,16596,241187110000.0,133,4197,0.2529
2020-12-28,ZOTA,EQ,146.65,140.1,149.65,140.1,147.2,146.5,146.03,19484,284515345000.0,386,4837,0.2483
2020-12-29,ZOTA,EQ,146.5,147.45,165.0,142.35,153.0,156.9,154.4,71131,1098287394999.9999,564,25455,0.3579
2020-12-30,ZOTA,EQ,156.9,155.0,169.8,153.0,168.85,168.7,165.05,272440,4496507850000.0,2674,107907,0.3961
2020-12-31,ZOTA,EQ,168.7,168.5,183.5,168.5,176.25,178.5,177.64,172586,3065827510000.0,2081,60528,0.3507
2021-01-01,ZOTA,EQ,178.5,179.35,184.9,176.2,178.5,178.05,179.66,76262,1370110120000.0,1048,35845,0.47000000000000003
2021-01-04,ZOTA,EQ,178.05,179.1,188.0,179.05,181.0,182.75,182.81,145037,2651421965000.0,1076,60356,0.4161
2021-01-05,ZOTA,EQ,182.75,182.45,182.45,164.25,165.0,170.4,177.23,108043,1914814085000.0002,1223,49486,0.45799999999999996
2021-01-06,ZOTA,EQ,170.4,168.05,172.9,163.4,167.0,167.2,167.39,45074,754479845000.0,790,20674,0.4587
2021-01-07,ZOTA,EQ,167.2,169.95,175.0,166.65,169.5,167.85,170.43,22643,385907300000.0,674,8841,0.39049999999999996
2021-01-08,ZOTA,EQ,167.85,167.35,170.0,165.1,165.1,166.25,167.61,8676,145419385000.0,206,5953,0.6861
2021-01-11,ZOTA,EQ,166.25,152.0,175.0,152.0,168.0,167.95,168.09,54753,920329519999.9999,931,28641,0.5231
2021-01-12,ZOTA,EQ,167.95,169.8,169.8,164.0,168.2,167.05,167.4,13193,220852125000.0,328,6895,0.5226
2021-01-13,ZOTA,EQ,167.05,165.6,168.9,160.3,164.9,162.35,163.7,9618,157447450000.0,284,6532,0.6790999999999999
2021-01-14,ZOTA,EQ,162.35,164.85,168.0,161.25,163.0,164.55,164.44,10469,172149995000.0,400,3890,0.3716
2021-01-15,ZOTA,EQ,164.55,166.95,166.95,160.0,163.1,164.05,162.8,7299,118828270000.0,194,3080,0.42200000000000004
2021-01-18,ZOTA,EQ,164.05,164.1,166.55,160.2,163.0,164.25,163.36,8235,134530455000.0,174,4723,0.5735
2021-01-19,ZOTA,EQ,164.25,161.25,172.0,161.25,170.0,170.1,168.53,23858,402077635000.0,491,7233,0.3032
2021-01-20,ZOTA,EQ,170.1,170.0,173.9,165.2,165.2,166.95,167.37,16749,280320320000.0,351,7982,0.47659999999999997
2021-01-21,ZOTA,EQ,166.95,167.95,169.9,162.05,162.1,163.2,164.54,34230,563219735000.0,223,21663,0.6329
2021-01-22,ZOTA,EQ,163.2,163.25,165.95,161.0,163.4,162.55,162.56,18206,295964415000.0,340,1749,0.09609999999999999
2021-01-25,ZOTA,EQ,162.55,162.85,163.0,156.5,158.5,160.1,160.8,12952,208269080000.0,217,6002,0.46340000000000003
2021-01-27,ZOTA,EQ,160.1,158.05,159.6,155.45,156.0,156.25,157.68,9557,150690710000.0,130,3057,0.3199
2021-01-28,ZOTA,EQ,156.25,159.75,159.75,155.0,156.5,157.2,157.03,10988,172545535000.0,119,4740,0.4314
2021-01-29,ZOTA,EQ,157.2,157.75,159.0,152.5,153.0,153.95,155.59,13880,215962829999.99997,162,7281,0.5246000000000001
2021-02-01,ZOTA,EQ,153.95,155.6,157.95,152.0,153.0,153.35,153.35,6705,102821355000.0,141,5102,0.7609
2021-02-02,ZOTA,EQ,153.35,155.4,159.15,154.45,155.0,154.65,155.47,8350,129817910000.00002,101,6850,0.8204000000000001
2021-02-03,ZOTA,EQ,154.65,158.05,158.2,152.85,154.4,155.65,155.14,5617,87144400000.0,160,3663,0.6520999999999999
2021-02-04,ZOTA,EQ,155.65,156.95,157.0,152.0,152.05,152.9,155.68,5997,93360815000.0,119,5447,0.9083
2021-02-05,ZOTA,EQ,152.9,154.75,154.75,150.5,151.0,151.2,151.96,6043,91831560000.0,140,4908,0.8122
2021-02-08,ZOTA,EQ,151.2,151.95,161.95,151.8,158.0,157.15,156.49,37367,584763535000.0,458,16717,0.4474
2021-02-09,ZOTA,EQ,157.15,156.0,156.45,152.5,152.5,152.95,153.99,3756,57838365000.0,129,2417,0.6435
2021-02-10,ZOTA,EQ,152.95,154.75,156.0,152.75,153.0,153.05,154.07,1674,25790755000.0,65,1187,0.7091
2021-02-11,ZOTA,EQ,153.05,152.5,154.95,152.05,152.2,152.65,153.21,3066,46974140000.0,112,1858,0.606
2021-02-12,ZOTA,EQ,152.65,155.9,156.9,150.0,152.0,150.9,151.53,7610,115315164999.99998,207,5982,0.7861
2021-02-15,ZOTA,EQ,150.9,150.1,155.35,149.5,154.0,153.45,153.41,9734,149326400000.0,161,7507,0.7712000000000001
2021-02-16,ZOTA,EQ,153.45,155.0,155.0,151.25,151.75,152.0,152.65,2067,31551750000.0,104,1161,0.5617
2021-02-17,ZOTA,EQ,152.0,152.75,162.7,151.05,152.2,154.2,160.23,70288,1126229840000.0,1220,41375,0.5886
2021-02-18,ZOTA,EQ,154.2,153.5,156.0,152.15,152.15,153.35,154.82,4977,77054615000.0,114,3765,0.7565000000000001
2021-02-19,ZOTA,EQ,153.35,153.5,159.8,152.2,153.75,154.2,157.12,11378,178776695000.0,346,8120,0.7137000000000001
2021-02-22,ZOTA,EQ,154.2,156.95,157.0,151.5,151.5,151.95,153.41,6786,104102715000.0,139,1744,0.257
2021-02-23,ZOTA,EQ,151.95,152.1,156.0,151.0,151.0,152.0,154.36,7834,120927820000.0,203,2724,0.34770000000000006
2021-02-24,ZOTA,EQ,152.0,152.05,156.9,152.0,153.45,153.05,153.96,6916,106476120000.0,106,965,0.13949999999999999
2021-02-25,ZOTA,EQ,153.05,153.7,159.5,153.6,154.0,155.5,155.63,27067,421256170000.0,540,8079,0.29850000000000004
2021-02-26,ZOTA,EQ,155.5,154.35,154.35,153.0,153.5,153.75,153.93,8457,130174935000.00002,87,2203,0.2605
2021-03-01,ZOTA,EQ,153.75,156.95,156.95,152.35,152.5,153.2,153.62,7218,110885789999.99998,108,1986,0.2751
2021-03-02,ZOTA,EQ,153.2,154.1,154.95,150.05,152.0,153.0,152.63,10298,157179995000.0,175,5701,0.5536
2021-03-03,ZOTA,EQ,153.0,153.4,155.0,151.5,152.0,152.15,152.83,13870,211972485000.0,156,5807,0.41869999999999996
2021-03-04,ZOTA,EQ,152.15,152.9,156.0,151.0,151.0,151.8,152.88,14832,226758635000.0,139,5340,0.36
2021-03-05,ZOTA,EQ,151.8,153.2,153.55,149.0,150.0,151.0,151.08,11029,166630955000.0,165,3383,0.30670000000000003
2021-03-08,ZOTA,EQ,151.0,150.95,152.35,147.4,150.7,150.7,150.79,19658,296418120000.0,223,9629,0.48979999999999996
2021-03-09,ZOTA,EQ,150.7,150.95,151.0,146.45,146.5,146.9,148.65,12658,188158610000.0,210,4524,0.35740000000000005
2021-03-10,ZOTA,EQ,146.9,148.0,154.8,148.0,150.1,150.6,151.42,11572,175222375000.0,287,2730,0.2359
2021-03-12,ZOTA,EQ,150.6,152.9,153.0,148.0,148.1,149.9,150.78,8000,120626170000.0,131,3420,0.4275
2021-03-15,ZOTA,EQ,149.9,149.9,151.0,148.0,148.9,148.65,148.75,16945,252054329999.99997,156,9557,0.564
2021-03-16,ZOTA,EQ,148.65,151.0,151.0,147.05,147.75,148.0,148.12,11023,163268335000.0,139,3748,0.34
2021-03-17,ZOTA,EQ,148.0,148.95,150.15,145.0,145.0,145.9,147.4,10247,151036875000.0,128,2016,0.1967
2021-03-18,ZOTA,EQ,145.9,148.2,148.25,143.1,143.1,143.45,145.1,10047,145781630000.0,145,2456,0.2445
2021-03-19,ZOTA,EQ,143.45,149.0,149.0,142.5,148.0,147.75,145.81,11209,163439530000.0,120,3133,0.2795
2021-03-22,ZOTA,EQ,147.75,147.9,152.9,147.9,151.5,149.7,149.25,42625,636178290000.0,222,27862,0.6537000000000001
2021-03-23,ZOTA,EQ,149.7,152.0,152.0,145.65,146.25,147.75,147.91,18309,270811654999.99997,217,9029,0.49310000000000004
2021-03-24,ZOTA,EQ,147.75,148.1,149.0,143.2,145.1,144.9,146.34,25657,375464560000.0,157,14626,0.5700999999999999
2021-03-25,ZOTA,EQ,144.9,145.85,146.7,142.2,146.0,144.2,145.09,22337,324095900000.0,179,12390,0.5547
2021-03-26,ZOTA,EQ,144.2,147.8,150.4,143.5,143.75,144.5,145.99,12482,182224120000.0,174,3875,0.3104
2021-03-30,ZOTA,EQ,144.5,147.0,147.35,140.2,140.55,141.2,143.63,54969,789530450000.0,371,40684,0.7401000000000001
2021-03-31,ZOTA,EQ,141.2,142.0,143.0,137.25,141.9,138.5,141.08,16510,232931290000.0,232,6275,0.3801
2021-04-01,ZOTA,EQ,138.5,143.9,145.9,141.0,144.9,144.85,143.59,23104,331755655000.0,179,4447,0.1925
2021-04-05,ZOTA,EQ,144.85,144.05,144.05,139.0,141.05,142.05,141.8,20822,295258160000.0,226,11126,0.5343
2021-04-06,ZOTA,EQ,142.05,142.25,159.9,140.35,153.0,153.8,152.38,92029,1402317740000.0,1290,35043,0.38079999999999997
2021-04-07,ZOTA,EQ,153.8,158.0,158.0,147.8,149.5,149.8,153.94,37711,580510670000.0,591,20232,0.5365
2021-04-08,ZOTA,EQ,149.8,153.9,153.9,146.2,148.85,147.4,148.89,23269,346462140000.0,290,10936,0.47000000000000003
2021-04-09,ZOTA,EQ,147.4,150.35,150.35,147.0,147.0,147.65,147.89,12888,190601350000.0,161,3451,0.26780000000000004
2021-04-12,ZOTA,EQ,147.65,145.0,147.95,143.6,143.65,143.95,144.68,15032,217488685000.0,262,4936,0.3284
2021-04-13,ZOTA,EQ,143.95,147.8,147.8,143.05,145.5,145.15,144.56,4515,65268750000.0,117,2820,0.6246
2021-04-15,ZOTA,EQ,145.15,145.85,151.0,143.75,149.0,145.15,145.16,1159569,16832451105000.002,122,1158346,0.9989
2021-04-16,ZOTA,EQ,145.15,151.0,162.0,151.0,157.95,156.45,157.19,123259,1937510339999.9998,1908,53678,0.4355
2021-04-19,ZOTA,EQ,156.45,156.1,161.5,148.0,156.0,153.95,155.68,33620,523410175000.0,616,17283,0.5141
2021-04-20,ZOTA,EQ,153.95,161.5,169.0,155.65,160.0,161.45,162.53,105979,1722508780000.0,1485,47602,0.44920000000000004
2021-04-22,ZOTA,EQ,161.45,164.0,174.45,159.35,166.25,166.5,169.07,165483,2797848175000.0,2504,46486,0.2809
2021-04-23,ZOTA,EQ,166.5,170.0,170.0,153.1,155.75,154.8,158.94,83254,1323231685000.0,1991,44701,0.5369
2021-04-26,ZOTA,EQ,154.8,159.85,159.85,154.55,156.85,154.95,156.89,21741,341095600000.0,533,11244,0.5172
2021-04-27,ZOTA,EQ,154.95,158.55,158.55,152.6,153.95,155.55,154.43,9727,150212960000.0,265,5772,0.5934
2021-04-28,ZOTA,EQ,155.55,153.4,156.15,153.0,154.7,154.5,154.3,7229,111543975000.0,241,5007,0.6926000000000001
2021-04-29,ZOTA,EQ,154.5,157.8,157.8,153.0,154.9,154.0,153.98,9729,149809875000.0,237,6321,0.6497
2021-04-30,ZOTA,EQ,154.0,154.0,155.55,152.0,152.0,152.45,153.08,6648,101768540000.0,154,5134,0.7723000000000001
2021-05-03,ZOTA,EQ,152.45,152.5,156.95,149.55,154.0,155.05,153.88,11403,175471485000.0,277,6440,0.5648
2021-05-04,ZOTA,EQ,155.05,153.05,156.0,151.1,152.05,152.25,153.48,12695,194842495000.0,195,6470,0.5096
2021-05-05,ZOTA,EQ,152.25,157.75,157.75,151.55,153.0,152.35,152.8,6377,97441955000.0,184,3031,0.4753
2021-05-06,ZOTA,EQ,152.35,156.9,156.9,150.0,152.5,151.9,152.61,10133,154642155000.0,225,6240,0.6158
2021-05-07,ZOTA,EQ,151.9,155.9,155.9,151.0,153.6,153.35,152.67,5895,90000210000.0,158,2711,0.45990000000000003
2021-05-10,ZOTA,EQ,153.35,158.9,158.9,152.5,152.55,153.25,153.89,11365,174892010000.0,239,7644,0.6726000000000001
2021-05-11,ZOTA,EQ,153.25,155.0,155.0,149.45,152.95,152.25,152.61,8050,122849389999.99998,190,4432,0.5506000000000001
2021-05-12,ZOTA,EQ,152.25,155.0,155.0,150.75,151.7,151.75,151.99,9196,139766360000.0,190,6298,0.6849
2021-05-14,ZOTA,EQ,151.75,151.75,153.15,150.05,150.6,151.1,151.22,10184,154002810000.0,250,5953,0.5845
2021-05-17,ZOTA,EQ,151.1,150.55,152.9,150.5,151.35,151.95,152.0,4872,74056105000.0,122,3470,0.7122
2021-05-18,ZOTA,EQ,151.95,152.0,154.0,150.0,151.85,151.0,151.58,9710,147182050000.0,221,6071,0.6252000000000001
2021-05-19,ZOTA,EQ,151.0,151.05,153.65,150.2,150.65,151.3,151.23,9076,137251895000.0,189,5103,0.5623
2021-05-20,ZOTA,EQ,151.3,152.65,152.75,148.5,149.05,149.45,150.25,6687,100469735000.0,230,4787,0.7159000000000001
2021-05-21,ZOTA,EQ,149.45,152.7,152.9,148.8,148.8,149.4,150.25,9290,139582445000.0,244,6747,0.7263
2021-05-24,ZOTA,EQ,149.4,150.0,151.35,148.75,150.0,149.95,149.85,9383,140608255000.0,216,5795,0.6176
2021-05-25,ZOTA,EQ,149.95,149.25,150.55,146.3,148.75,147.45,148.04,9999,148024445000.0,309,7233,0.7234
2021-05-26,ZOTA,EQ,147.45,148.55,150.0,146.1,150.0,149.3,148.43,16127,239368840000.0,297,12122,0.7517
2021-05-27,ZOTA,EQ,149.3,149.45,152.25,146.1,151.5,151.15,150.03,17801,267064140000.0,335,12015,0.675
2021-05-28,ZOTA,EQ,151.15,152.85,152.85,147.55,148.2,148.55,149.82,7516,112602205000.0,191,5523,0.7348
2021-05-31,ZOTA,EQ,148.55,150.5,159.9,148.0,151.75,152.5,153.37,62622,960459980000.0001,697,33877,0.541
2021-06-01,ZOTA,EQ,152.5,155.7,155.7,149.05,150.1,151.0,151.06,18694,282400500000.0,311,12215,0.6534000000000001
2021-06-02,ZOTA,EQ,151.0,154.9,166.0,151.1,165.0,162.75,160.18,96183,1540684015000.0,1359,70877,0.7369
2021-06-03,ZOTA,EQ,162.75,195.3,195.3,180.0,184.45,183.75,188.75,470978,8889752915000.0,7810,220738,0.4687
2021-06-04,ZOTA,EQ,183.75,184.0,184.0,160.0,172.95,173.6,174.48,121798,2125076760000.0002,3414,52566,0.4316
2021-06-07,ZOTA,EQ,173.6,173.0,179.85,166.1,171.25,172.15,172.3,56549,974352494999.9999,2692,26350,0.466
2021-06-08,ZOTA,EQ,172.15,172.2,173.0,164.75,166.0,166.3,168.81,38399,648220075000.0,1426,23509,0.6122
2021-06-09,ZOTA,EQ,166.3,171.0,171.0,165.2,166.15,165.8,167.94,23160,388942560000.0,871,15344,0.6625
2021-06-10,ZOTA,EQ,165.8,165.0,168.6,164.6,167.8,167.65,166.76,17438,290801600000.0,620,11045,0.6334000000000001
2021-06-11,ZOTA,EQ,167.65,169.85,178.45,168.3,172.0,171.4,174.26,60528,1054789969999.9999,1266,33493,0.5533
2021-06-14,ZOTA,EQ,171.4,172.0,178.5,166.2,175.0,176.2,172.9,57102,987281635000.0,1062,21979,0.3849
2021-06-15,ZOTA,EQ,176.2,176.2,184.45,171.0,171.0,174.95,178.14,28073,500099730000.0,736,12618,0.4495
2021-06-16,ZOTA,EQ,174.95,174.0,177.85,171.4,172.1,172.0,174.43,11543,201342445000.0,371,6880,0.596
2021-06-17,ZOTA,EQ,172.0,171.05,174.55,169.05,171.0,169.75,171.34,8115,139042085000.0,279,6052,0.7458
2021-06-18,ZOTA,EQ,169.75,174.0,176.0,160.05,164.35,167.35,167.95,28716,482279265000.00006,815,18169,0.6327
2021-06-21,ZOTA,EQ,167.35,171.95,199.45,154.0,169.35,171.25,160.4,1665573,26716504200000.0,5445,1089929,0.6544
2021-06-22,ZOTA,EQ,171.25,185.45,198.5,178.0,187.05,187.3,191.21,1285003,24570927575000.0,20257,351329,0.27340000000000003
2021-06-23,ZOTA,EQ,187.3,190.9,192.5,182.2,186.5,186.25,187.96,185975,3495645475000.0,3438,76019,0.40880000000000005
2021-06-24,ZOTA,EQ,186.25,186.5,188.0,180.0,182.0,182.0,183.01,61194,1119914190000.0,1722,29885,0.48840000000000006
2021-06-25,ZOTA,EQ,182.0,182.25,209.4,176.95,198.85,199.45,200.58,1134423,22753958925000.0,17019,236908,0.20879999999999999
2021-06-28,ZOTA,EQ,199.45,201.3,201.95,192.15,197.0,195.9,196.5,157748,3099789030000.0,4353,77224,0.48950000000000005
2021-06-29,ZOTA,EQ,195.9,194.0,212.0,193.0,205.5,206.0,205.49,275152,5654129915000.0,5759,128565,0.4673
2021-06-30,ZOTA,EQ,206.0,209.35,213.8,200.05,202.65,202.25,207.99,205540,4274953935000.0,4196,131099,0.6378
2021-07-01,ZOTA,EQ,202.25,202.0,223.95,201.4,220.55,218.45,216.34,418321,9050046235000.0,9563,169941,0.4062
